{
    "histogram": 0.40489496285662946,
    "dominant_colors": 0.5951050371433705,
    "gabor_descriptors": 0.0,
    "hu_moments": 0.0,
    "texture_energy": 0.0,
    "circularity": 0.0
}