{
    "histogram": 0.42501608535068536,
    "dominant_colors": 0.2720780537506117,
    "gabor_descriptors": 0.07572646522467569,
    "hu_moments": 0.07572646522467569,
    "texture_energy": 0.07572646522467569,
    "circularity": 0.07572646522467569
}