{
    "histogram": 0.3217402081308228,
    "dominant_colors": 0.10724673604360761,
    "gabor_descriptors": 0.053623368021803806,
    "hu_moments": 0.053623368021803806,
    "texture_energy": 0.410142951760158,
    "circularity": 0.053623368021803806
}